研究标题,研究领域,研究类型,发表期刊,发表年份,发表月份,影响因子,样本量,研究机构,第一作者,通讯作者,基金支持,关键词,数据来源,更新时间
麻醉学领域Meta分析研究第1项,麻醉学,Meta分析,BMJ,2023,5,8.85,598,中山大学,作者1,通讯作者1,国家重点研发计划,"麻醉学,临床研究,医学",医学研究数据库,2025-06-12 22:43:39
麻醉学领域临床试验研究第2项,麻醉学,临床试验,New England Journal of Medicine,2023,9,7.46,1547,华中科技大学,作者2,通讯作者2,无,"麻醉学,临床研究,医学",医学研究数据库,2025-06-12 22:43:39
耳鼻喉科学领域病例对照研究研究第3项,耳鼻喉科学,病例对照研究,中国医学科学院学报,2022,12,17.44,9762,清华大学,作者3,通讯作者3,省部级基金,"耳鼻喉科学,临床研究,医学",医学研究数据库,2025-06-12 22:43:39
精神病学领域病例对照研究研究第4项,精神病学,病例对照研究,Nature Medicine,2023,1,17.78,3943,清华大学,作者4,通讯作者4,国家自然科学基金,"精神病学,临床研究,医学",医学研究数据库,2025-06-12 22:43:39
内分泌学领域流行病学调查研究第5项,内分泌学,流行病学调查,New England Journal of Medicine,2022,10,6.99,2992,北京大学,作者5,通讯作者5,国家重点研发计划,"内分泌学,临床研究,医学",医学研究数据库,2025-06-12 22:43:39
肿瘤学领域病例对照研究研究第6项,肿瘤学,病例对照研究,Science,2021,5,14.3,7234,北京大学,作者6,通讯作者6,无,"肿瘤学,临床研究,医学",医学研究数据库,2025-06-12 22:43:39
风湿免疫学领域流行病学调查研究第7项,风湿免疫学,流行病学调查,Nature Medicine,2022,9,12.94,2535,中山大学,作者7,通讯作者7,国家自然科学基金,"风湿免疫学,临床研究,医学",医学研究数据库,2025-06-12 22:43:39
儿科学领域病例对照研究研究第8项,儿科学,病例对照研究,Cell,2021,9,5.59,9146,华中科技大学,作者8,通讯作者8,国家自然科学基金,"儿科学,临床研究,医学",医学研究数据库,2025-06-12 22:43:39
眼科学领域临床试验研究第9项,眼科学,临床试验,Cell,2022,4,11.62,8624,复旦大学,作者9,通讯作者9,无,"眼科学,临床研究,医学",医学研究数据库,2025-06-12 22:43:39
妇产科学领域病例报告研究第10项,妇产科学,病例报告,JAMA,2020,4,10.68,2501,北京大学,作者10,通讯作者10,无,"妇产科学,临床研究,医学",医学研究数据库,2025-06-12 22:43:39
内分泌学领域病例对照研究研究第11项,内分泌学,病例对照研究,Cell,2024,12,11.0,138,清华大学,作者11,通讯作者11,省部级基金,"内分泌学,临床研究,医学",医学研究数据库,2025-06-12 22:43:39
耳鼻喉科学领域病例报告研究第12项,耳鼻喉科学,病例报告,Nature Medicine,2024,4,20.88,9308,复旦大学,作者12,通讯作者12,省部级基金,"耳鼻喉科学,临床研究,医学",医学研究数据库,2025-06-12 22:43:39
感染病学领域病例报告研究第13项,感染病学,病例报告,Cell,2020,10,17.47,4509,北京大学,作者13,通讯作者13,国家自然科学基金,"感染病学,临床研究,医学",医学研究数据库,2025-06-12 22:43:39
感染病学领域流行病学调查研究第14项,感染病学,流行病学调查,中华医学杂志,2024,7,8.87,6991,复旦大学,作者14,通讯作者14,国家重点研发计划,"感染病学,临床研究,医学",医学研究数据库,2025-06-12 22:43:39
影像医学领域流行病学调查研究第15项,影像医学,流行病学调查,中华医学杂志,2021,7,3.48,2837,清华大学,作者15,通讯作者15,省部级基金,"影像医学,临床研究,医学",医学研究数据库,2025-06-12 22:43:39
麻醉学领域队列研究研究第16项,麻醉学,队列研究,BMJ,2021,5,19.6,9877,复旦大学,作者16,通讯作者16,国家自然科学基金,"麻醉学,临床研究,医学",医学研究数据库,2025-06-12 22:43:39
耳鼻喉科学领域Meta分析研究第17项,耳鼻喉科学,Meta分析,北京大学学报(医学版),2021,11,9.72,1519,华中科技大学,作者17,通讯作者17,无,"耳鼻喉科学,临床研究,医学",医学研究数据库,2025-06-12 22:43:39
耳鼻喉科学领域病例对照研究研究第18项,耳鼻喉科学,病例对照研究,中华医学杂志,2020,10,21.0,2434,清华大学,作者18,通讯作者18,省部级基金,"耳鼻喉科学,临床研究,医学",医学研究数据库,2025-06-12 22:43:39
消化病学领域临床试验研究第19项,消化病学,临床试验,Cell,2021,8,11.0,1911,北京大学,作者19,通讯作者19,国家重点研发计划,"消化病学,临床研究,医学",医学研究数据库,2025-06-12 22:43:39
麻醉学领域流行病学调查研究第20项,麻醉学,流行病学调查,Science,2020,11,7.36,2784,华中科技大学,作者20,通讯作者20,省部级基金,"麻醉学,临床研究,医学",医学研究数据库,2025-06-12 22:43:39
口腔医学领域病例对照研究研究第21项,口腔医学,病例对照研究,New England Journal of Medicine,2020,12,13.66,189,清华大学,作者21,通讯作者21,省部级基金,"口腔医学,临床研究,医学",医学研究数据库,2025-06-12 22:43:39
精神病学领域Meta分析研究第22项,精神病学,Meta分析,The Lancet,2020,3,3.99,9478,华中科技大学,作者22,通讯作者22,国家重点研发计划,"精神病学,临床研究,医学",医学研究数据库,2025-06-12 22:43:39
影像医学领域Meta分析研究第23项,影像医学,Meta分析,中国医学科学院学报,2021,2,13.82,4672,北京大学,作者23,通讯作者23,无,"影像医学,临床研究,医学",医学研究数据库,2025-06-12 22:43:39
外科学领域基础研究研究第24项,外科学,基础研究,Nature Medicine,2021,8,17.48,1408,清华大学,作者24,通讯作者24,无,"外科学,临床研究,医学",医学研究数据库,2025-06-12 22:43:39
风湿免疫学领域流行病学调查研究第25项,风湿免疫学,流行病学调查,Nature Medicine,2022,12,16.37,3200,中山大学,作者25,通讯作者25,无,"风湿免疫学,临床研究,医学",医学研究数据库,2025-06-12 22:43:39
肾脏病学领域流行病学调查研究第26项,肾脏病学,流行病学调查,Nature Medicine,2020,1,16.64,9745,北京大学,作者26,通讯作者26,国家自然科学基金,"肾脏病学,临床研究,医学",医学研究数据库,2025-06-12 22:43:39
妇产科学领域病例对照研究研究第27项,妇产科学,病例对照研究,复旦学报(医学版),2023,1,13.31,999,北京大学,作者27,通讯作者27,国家重点研发计划,"妇产科学,临床研究,医学",医学研究数据库,2025-06-12 22:43:39
麻醉学领域队列研究研究第28项,麻醉学,队列研究,Cell,2022,11,6.85,8506,中山大学,作者28,通讯作者28,国家重点研发计划,"麻醉学,临床研究,医学",医学研究数据库,2025-06-12 22:43:39
消化病学领域流行病学调查研究第29项,消化病学,流行病学调查,中国医学科学院学报,2024,3,12.35,8502,清华大学,作者29,通讯作者29,无,"消化病学,临床研究,医学",医学研究数据库,2025-06-12 22:43:39
心血管病学领域病例对照研究研究第30项,心血管病学,病例对照研究,中华医学杂志,2020,9,17.33,709,北京大学,作者30,通讯作者30,无,"心血管病学,临床研究,医学",医学研究数据库,2025-06-12 22:43:39
心血管病学领域Meta分析研究第31项,心血管病学,Meta分析,中国医学科学院学报,2023,6,10.92,3916,清华大学,作者31,通讯作者31,国家自然科学基金,"心血管病学,临床研究,医学",医学研究数据库,2025-06-12 22:43:39
肿瘤学领域病例报告研究第32项,肿瘤学,病例报告,BMJ,2022,7,16.73,3080,华中科技大学,作者32,通讯作者32,无,"肿瘤学,临床研究,医学",医学研究数据库,2025-06-12 22:43:39
儿科学领域基础研究研究第33项,儿科学,基础研究,Cell,2021,7,21.45,5039,清华大学,作者33,通讯作者33,国家自然科学基金,"儿科学,临床研究,医学",医学研究数据库,2025-06-12 22:43:39
儿科学领域流行病学调查研究第34项,儿科学,流行病学调查,New England Journal of Medicine,2021,3,17.01,3335,中山大学,作者34,通讯作者34,无,"儿科学,临床研究,医学",医学研究数据库,2025-06-12 22:43:39
儿科学领域基础研究研究第35项,儿科学,基础研究,New England Journal of Medicine,2021,8,9.81,7054,中山大学,作者35,通讯作者35,省部级基金,"儿科学,临床研究,医学",医学研究数据库,2025-06-12 22:43:39
影像医学领域病例对照研究研究第36项,影像医学,病例对照研究,Science,2022,2,17.42,9975,复旦大学,作者36,通讯作者36,国家自然科学基金,"影像医学,临床研究,医学",医学研究数据库,2025-06-12 22:43:39
呼吸病学领域基础研究研究第37项,呼吸病学,基础研究,Nature Medicine,2020,9,9.55,9943,复旦大学,作者37,通讯作者37,国家重点研发计划,"呼吸病学,临床研究,医学",医学研究数据库,2025-06-12 22:43:39
精神病学领域流行病学调查研究第38项,精神病学,流行病学调查,BMJ,2022,10,14.39,2635,复旦大学,作者38,通讯作者38,省部级基金,"精神病学,临床研究,医学",医学研究数据库,2025-06-12 22:43:39
心血管病学领域队列研究研究第39项,心血管病学,队列研究,中国医学科学院学报,2021,11,15.76,8733,北京大学,作者39,通讯作者39,无,"心血管病学,临床研究,医学",医学研究数据库,2025-06-12 22:43:39
皮肤病学领域病例报告研究第40项,皮肤病学,病例报告,JAMA,2022,3,11.89,4273,北京大学,作者40,通讯作者40,国家重点研发计划,"皮肤病学,临床研究,医学",医学研究数据库,2025-06-12 22:43:39
耳鼻喉科学领域队列研究研究第41项,耳鼻喉科学,队列研究,Cell,2023,6,9.31,6106,中山大学,作者41,通讯作者41,国家自然科学基金,"耳鼻喉科学,临床研究,医学",医学研究数据库,2025-06-12 22:43:39
眼科学领域流行病学调查研究第42项,眼科学,流行病学调查,Cell,2022,10,4.6,9848,中山大学,作者42,通讯作者42,无,"眼科学,临床研究,医学",医学研究数据库,2025-06-12 22:43:39
妇产科学领域队列研究研究第43项,妇产科学,队列研究,The Lancet,2020,6,15.46,3561,复旦大学,作者43,通讯作者43,无,"妇产科学,临床研究,医学",医学研究数据库,2025-06-12 22:43:39
儿科学领域基础研究研究第44项,儿科学,基础研究,北京大学学报(医学版),2023,7,20.38,7853,北京大学,作者44,通讯作者44,国家自然科学基金,"儿科学,临床研究,医学",医学研究数据库,2025-06-12 22:43:39
血液病学领域流行病学调查研究第45项,血液病学,流行病学调查,复旦学报(医学版),2021,1,8.17,9655,复旦大学,作者45,通讯作者45,省部级基金,"血液病学,临床研究,医学",医学研究数据库,2025-06-12 22:43:39
内分泌学领域病例报告研究第46项,内分泌学,病例报告,The Lancet,2021,12,16.24,3184,复旦大学,作者46,通讯作者46,无,"内分泌学,临床研究,医学",医学研究数据库,2025-06-12 22:43:39
呼吸病学领域Meta分析研究第47项,呼吸病学,Meta分析,Nature Medicine,2023,12,4.76,155,北京大学,作者47,通讯作者47,无,"呼吸病学,临床研究,医学",医学研究数据库,2025-06-12 22:43:39
皮肤病学领域临床试验研究第48项,皮肤病学,临床试验,中华医学杂志,2024,5,9.45,1313,中山大学,作者48,通讯作者48,国家重点研发计划,"皮肤病学,临床研究,医学",医学研究数据库,2025-06-12 22:43:39
心血管病学领域Meta分析研究第49项,心血管病学,Meta分析,北京大学学报(医学版),2024,11,19.01,5052,华中科技大学,作者49,通讯作者49,无,"心血管病学,临床研究,医学",医学研究数据库,2025-06-12 22:43:39
内分泌学领域队列研究研究第50项,内分泌学,队列研究,北京大学学报(医学版),2021,6,21.1,1376,中山大学,作者50,通讯作者50,国家自然科学基金,"内分泌学,临床研究,医学",医学研究数据库,2025-06-12 22:43:39
口腔医学领域病例对照研究研究第51项,口腔医学,病例对照研究,New England Journal of Medicine,2021,1,24.7,6927,清华大学,作者51,通讯作者51,国家自然科学基金,"口腔医学,临床研究,医学",医学研究数据库,2025-06-12 22:43:39
外科学领域系统综述研究第52项,外科学,系统综述,Science,2020,1,22.51,3671,复旦大学,作者52,通讯作者52,国家重点研发计划,"外科学,临床研究,医学",医学研究数据库,2025-06-12 22:43:39
内分泌学领域Meta分析研究第53项,内分泌学,Meta分析,The Lancet,2024,6,14.09,4310,北京大学,作者53,通讯作者53,省部级基金,"内分泌学,临床研究,医学",医学研究数据库,2025-06-12 22:43:39
麻醉学领域系统综述研究第54项,麻醉学,系统综述,Nature Medicine,2022,3,18.87,6882,北京大学,作者54,通讯作者54,省部级基金,"麻醉学,临床研究,医学",医学研究数据库,2025-06-12 22:43:39
肿瘤学领域基础研究研究第55项,肿瘤学,基础研究,中华医学杂志,2024,5,23.33,3035,中山大学,作者55,通讯作者55,无,"肿瘤学,临床研究,医学",医学研究数据库,2025-06-12 22:43:39
血液病学领域系统综述研究第56项,血液病学,系统综述,The Lancet,2020,7,18.69,1377,中山大学,作者56,通讯作者56,国家重点研发计划,"血液病学,临床研究,医学",医学研究数据库,2025-06-12 22:43:39
精神病学领域Meta分析研究第57项,精神病学,Meta分析,Cell,2020,11,15.12,1926,复旦大学,作者57,通讯作者57,无,"精神病学,临床研究,医学",医学研究数据库,2025-06-12 22:43:39
儿科学领域队列研究研究第58项,儿科学,队列研究,Cell,2020,7,17.4,8882,华中科技大学,作者58,通讯作者58,省部级基金,"儿科学,临床研究,医学",医学研究数据库,2025-06-12 22:43:39
神经病学领域基础研究研究第59项,神经病学,基础研究,JAMA,2022,8,6.39,2894,清华大学,作者59,通讯作者59,无,"神经病学,临床研究,医学",医学研究数据库,2025-06-12 22:43:39
外科学领域病例报告研究第60项,外科学,病例报告,Cell,2023,12,21.24,793,中山大学,作者60,通讯作者60,省部级基金,"外科学,临床研究,医学",医学研究数据库,2025-06-12 22:43:39
妇产科学领域临床试验研究第61项,妇产科学,临床试验,The Lancet,2020,10,11.96,7516,中山大学,作者61,通讯作者61,国家自然科学基金,"妇产科学,临床研究,医学",医学研究数据库,2025-06-12 22:43:39
影像医学领域队列研究研究第62项,影像医学,队列研究,北京大学学报(医学版),2022,5,19.39,6190,华中科技大学,作者62,通讯作者62,国家自然科学基金,"影像医学,临床研究,医学",医学研究数据库,2025-06-12 22:43:39
肾脏病学领域流行病学调查研究第63项,肾脏病学,流行病学调查,Science,2024,12,14.99,8371,中山大学,作者63,通讯作者63,国家重点研发计划,"肾脏病学,临床研究,医学",医学研究数据库,2025-06-12 22:43:39
眼科学领域系统综述研究第64项,眼科学,系统综述,中国医学科学院学报,2023,3,10.51,2771,清华大学,作者64,通讯作者64,省部级基金,"眼科学,临床研究,医学",医学研究数据库,2025-06-12 22:43:39
神经病学领域病例报告研究第65项,神经病学,病例报告,Nature Medicine,2021,8,15.48,6317,华中科技大学,作者65,通讯作者65,无,"神经病学,临床研究,医学",医学研究数据库,2025-06-12 22:43:39
肿瘤学领域流行病学调查研究第66项,肿瘤学,流行病学调查,中华医学杂志,2021,11,15.93,8286,复旦大学,作者66,通讯作者66,省部级基金,"肿瘤学,临床研究,医学",医学研究数据库,2025-06-12 22:43:39
麻醉学领域病例报告研究第67项,麻醉学,病例报告,JAMA,2023,10,4.09,3897,华中科技大学,作者67,通讯作者67,省部级基金,"麻醉学,临床研究,医学",医学研究数据库,2025-06-12 22:43:39
耳鼻喉科学领域系统综述研究第68项,耳鼻喉科学,系统综述,Nature Medicine,2023,9,11.7,6157,北京大学,作者68,通讯作者68,国家自然科学基金,"耳鼻喉科学,临床研究,医学",医学研究数据库,2025-06-12 22:43:39
儿科学领域病例报告研究第69项,儿科学,病例报告,BMJ,2023,3,17.92,7678,华中科技大学,作者69,通讯作者69,省部级基金,"儿科学,临床研究,医学",医学研究数据库,2025-06-12 22:43:39
内分泌学领域队列研究研究第70项,内分泌学,队列研究,BMJ,2021,8,22.53,285,中山大学,作者70,通讯作者70,无,"内分泌学,临床研究,医学",医学研究数据库,2025-06-12 22:43:39
精神病学领域临床试验研究第71项,精神病学,临床试验,Science,2023,7,15.97,2374,华中科技大学,作者71,通讯作者71,省部级基金,"精神病学,临床研究,医学",医学研究数据库,2025-06-12 22:43:39
消化病学领域系统综述研究第72项,消化病学,系统综述,Nature Medicine,2020,4,15.37,1859,清华大学,作者72,通讯作者72,省部级基金,"消化病学,临床研究,医学",医学研究数据库,2025-06-12 22:43:39
外科学领域病例对照研究研究第73项,外科学,病例对照研究,Nature Medicine,2023,10,4.44,9412,华中科技大学,作者73,通讯作者73,无,"外科学,临床研究,医学",医学研究数据库,2025-06-12 22:43:39
妇产科学领域Meta分析研究第74项,妇产科学,Meta分析,Science,2023,12,11.55,2193,中山大学,作者74,通讯作者74,国家重点研发计划,"妇产科学,临床研究,医学",医学研究数据库,2025-06-12 22:43:39
妇产科学领域系统综述研究第75项,妇产科学,系统综述,中国医学科学院学报,2021,11,3.55,3259,中山大学,作者75,通讯作者75,国家自然科学基金,"妇产科学,临床研究,医学",医学研究数据库,2025-06-12 22:43:39
外科学领域队列研究研究第76项,外科学,队列研究,Cell,2024,6,24.5,2270,中山大学,作者76,通讯作者76,国家自然科学基金,"外科学,临床研究,医学",医学研究数据库,2025-06-12 22:43:39
妇产科学领域流行病学调查研究第77项,妇产科学,流行病学调查,Nature Medicine,2022,3,16.3,3283,华中科技大学,作者77,通讯作者77,国家重点研发计划,"妇产科学,临床研究,医学",医学研究数据库,2025-06-12 22:43:39
风湿免疫学领域临床试验研究第78项,风湿免疫学,临床试验,北京大学学报(医学版),2024,11,20.02,1022,北京大学,作者78,通讯作者78,无,"风湿免疫学,临床研究,医学",医学研究数据库,2025-06-12 22:43:39
血液病学领域临床试验研究第79项,血液病学,临床试验,Science,2023,4,8.79,3507,华中科技大学,作者79,通讯作者79,省部级基金,"血液病学,临床研究,医学",医学研究数据库,2025-06-12 22:43:39
精神病学领域队列研究研究第80项,精神病学,队列研究,中华医学杂志,2023,9,14.89,1286,华中科技大学,作者80,通讯作者80,国家重点研发计划,"精神病学,临床研究,医学",医学研究数据库,2025-06-12 22:43:39
外科学领域临床试验研究第81项,外科学,临床试验,The Lancet,2020,5,12.78,1016,复旦大学,作者81,通讯作者81,国家重点研发计划,"外科学,临床研究,医学",医学研究数据库,2025-06-12 22:43:39
耳鼻喉科学领域病例报告研究第82项,耳鼻喉科学,病例报告,Science,2023,9,23.41,5391,清华大学,作者82,通讯作者82,无,"耳鼻喉科学,临床研究,医学",医学研究数据库,2025-06-12 22:43:39
口腔医学领域流行病学调查研究第83项,口腔医学,流行病学调查,复旦学报(医学版),2023,9,20.11,6749,中山大学,作者83,通讯作者83,国家自然科学基金,"口腔医学,临床研究,医学",医学研究数据库,2025-06-12 22:43:39
影像医学领域Meta分析研究第84项,影像医学,Meta分析,The Lancet,2020,8,13.16,7926,北京大学,作者84,通讯作者84,国家自然科学基金,"影像医学,临床研究,医学",医学研究数据库,2025-06-12 22:43:39
心血管病学领域病例报告研究第85项,心血管病学,病例报告,BMJ,2023,1,7.95,7418,复旦大学,作者85,通讯作者85,无,"心血管病学,临床研究,医学",医学研究数据库,2025-06-12 22:43:39
眼科学领域临床试验研究第86项,眼科学,临床试验,BMJ,2023,3,20.84,7828,华中科技大学,作者86,通讯作者86,国家重点研发计划,"眼科学,临床研究,医学",医学研究数据库,2025-06-12 22:43:39
神经病学领域Meta分析研究第87项,神经病学,Meta分析,中华医学杂志,2022,7,6.22,4219,复旦大学,作者87,通讯作者87,国家重点研发计划,"神经病学,临床研究,医学",医学研究数据库,2025-06-12 22:43:39
皮肤病学领域流行病学调查研究第88项,皮肤病学,流行病学调查,复旦学报(医学版),2023,8,16.18,1162,清华大学,作者88,通讯作者88,国家重点研发计划,"皮肤病学,临床研究,医学",医学研究数据库,2025-06-12 22:43:39
消化病学领域病例对照研究研究第89项,消化病学,病例对照研究,Nature Medicine,2020,4,4.99,9236,中山大学,作者89,通讯作者89,国家重点研发计划,"消化病学,临床研究,医学",医学研究数据库,2025-06-12 22:43:39
精神病学领域Meta分析研究第90项,精神病学,Meta分析,复旦学报(医学版),2020,6,22.1,2178,北京大学,作者90,通讯作者90,省部级基金,"精神病学,临床研究,医学",医学研究数据库,2025-06-12 22:43:39
感染病学领域临床试验研究第91项,感染病学,临床试验,BMJ,2023,1,21.77,3132,清华大学,作者91,通讯作者91,无,"感染病学,临床研究,医学",医学研究数据库,2025-06-12 22:43:39
消化病学领域基础研究研究第92项,消化病学,基础研究,New England Journal of Medicine,2024,2,5.99,7491,中山大学,作者92,通讯作者92,国家自然科学基金,"消化病学,临床研究,医学",医学研究数据库,2025-06-12 22:43:39
消化病学领域Meta分析研究第93项,消化病学,Meta分析,Nature Medicine,2023,8,22.56,7894,中山大学,作者93,通讯作者93,省部级基金,"消化病学,临床研究,医学",医学研究数据库,2025-06-12 22:43:39
风湿免疫学领域临床试验研究第94项,风湿免疫学,临床试验,The Lancet,2024,9,12.81,2897,复旦大学,作者94,通讯作者94,国家自然科学基金,"风湿免疫学,临床研究,医学",医学研究数据库,2025-06-12 22:43:39
外科学领域病例对照研究研究第95项,外科学,病例对照研究,Nature Medicine,2020,4,12.23,8859,复旦大学,作者95,通讯作者95,国家重点研发计划,"外科学,临床研究,医学",医学研究数据库,2025-06-12 22:43:39
精神病学领域系统综述研究第96项,精神病学,系统综述,JAMA,2024,4,2.23,2859,中山大学,作者96,通讯作者96,国家自然科学基金,"精神病学,临床研究,医学",医学研究数据库,2025-06-12 22:43:39
妇产科学领域流行病学调查研究第97项,妇产科学,流行病学调查,Science,2023,1,23.51,6738,北京大学,作者97,通讯作者97,省部级基金,"妇产科学,临床研究,医学",医学研究数据库,2025-06-12 22:43:39
妇产科学领域队列研究研究第98项,妇产科学,队列研究,Nature Medicine,2023,7,7.01,7217,中山大学,作者98,通讯作者98,国家自然科学基金,"妇产科学,临床研究,医学",医学研究数据库,2025-06-12 22:43:39
皮肤病学领域病例对照研究研究第99项,皮肤病学,病例对照研究,The Lancet,2020,5,5.22,8353,清华大学,作者99,通讯作者99,国家自然科学基金,"皮肤病学,临床研究,医学",医学研究数据库,2025-06-12 22:43:39
口腔医学领域基础研究研究第100项,口腔医学,基础研究,The Lancet,2024,10,22.96,4470,北京大学,作者100,通讯作者100,省部级基金,"口腔医学,临床研究,医学",医学研究数据库,2025-06-12 22:43:39
口腔医学领域临床试验研究第101项,口腔医学,临床试验,Nature Medicine,2022,12,22.68,504,华中科技大学,作者101,通讯作者101,国家重点研发计划,"口腔医学,临床研究,医学",医学研究数据库,2025-06-12 22:43:39
外科学领域系统综述研究第102项,外科学,系统综述,BMJ,2020,6,13.92,7976,华中科技大学,作者102,通讯作者102,省部级基金,"外科学,临床研究,医学",医学研究数据库,2025-06-12 22:43:39
风湿免疫学领域队列研究研究第103项,风湿免疫学,队列研究,JAMA,2021,11,3.13,4099,中山大学,作者103,通讯作者103,国家重点研发计划,"风湿免疫学,临床研究,医学",医学研究数据库,2025-06-12 22:43:39
神经病学领域基础研究研究第104项,神经病学,基础研究,Science,2023,5,11.46,7627,中山大学,作者104,通讯作者104,国家自然科学基金,"神经病学,临床研究,医学",医学研究数据库,2025-06-12 22:43:39
影像医学领域病例报告研究第105项,影像医学,病例报告,New England Journal of Medicine,2022,10,21.22,8907,清华大学,作者105,通讯作者105,国家重点研发计划,"影像医学,临床研究,医学",医学研究数据库,2025-06-12 22:43:39
儿科学领域系统综述研究第106项,儿科学,系统综述,Nature Medicine,2022,11,5.23,392,华中科技大学,作者106,通讯作者106,无,"儿科学,临床研究,医学",医学研究数据库,2025-06-12 22:43:39
妇产科学领域临床试验研究第107项,妇产科学,临床试验,中华医学杂志,2020,3,6.93,56,华中科技大学,作者107,通讯作者107,国家重点研发计划,"妇产科学,临床研究,医学",医学研究数据库,2025-06-12 22:43:39
儿科学领域流行病学调查研究第108项,儿科学,流行病学调查,Science,2024,4,17.1,8533,华中科技大学,作者108,通讯作者108,无,"儿科学,临床研究,医学",医学研究数据库,2025-06-12 22:43:39
肿瘤学领域病例报告研究第109项,肿瘤学,病例报告,复旦学报(医学版),2021,9,14.84,84,中山大学,作者109,通讯作者109,国家重点研发计划,"肿瘤学,临床研究,医学",医学研究数据库,2025-06-12 22:43:39
麻醉学领域病例报告研究第110项,麻醉学,病例报告,复旦学报(医学版),2022,6,13.74,7389,华中科技大学,作者110,通讯作者110,省部级基金,"麻醉学,临床研究,医学",医学研究数据库,2025-06-12 22:43:39
内分泌学领域流行病学调查研究第111项,内分泌学,流行病学调查,Science,2023,11,7.52,6656,清华大学,作者111,通讯作者111,无,"内分泌学,临床研究,医学",医学研究数据库,2025-06-12 22:43:39
外科学领域系统综述研究第112项,外科学,系统综述,BMJ,2022,8,22.76,8142,复旦大学,作者112,通讯作者112,国家自然科学基金,"外科学,临床研究,医学",医学研究数据库,2025-06-12 22:43:39
消化病学领域病例报告研究第113项,消化病学,病例报告,北京大学学报(医学版),2024,5,13.72,9407,清华大学,作者113,通讯作者113,无,"消化病学,临床研究,医学",医学研究数据库,2025-06-12 22:43:39
神经病学领域流行病学调查研究第114项,神经病学,流行病学调查,中华医学杂志,2024,11,10.36,537,华中科技大学,作者114,通讯作者114,国家重点研发计划,"神经病学,临床研究,医学",医学研究数据库,2025-06-12 22:43:39
呼吸病学领域系统综述研究第115项,呼吸病学,系统综述,中国医学科学院学报,2021,2,10.66,5487,清华大学,作者115,通讯作者115,国家重点研发计划,"呼吸病学,临床研究,医学",医学研究数据库,2025-06-12 22:43:39
内分泌学领域病例报告研究第116项,内分泌学,病例报告,BMJ,2020,2,19.35,5383,清华大学,作者116,通讯作者116,国家自然科学基金,"内分泌学,临床研究,医学",医学研究数据库,2025-06-12 22:43:39
外科学领域病例报告研究第117项,外科学,病例报告,New England Journal of Medicine,2020,5,3.38,7392,北京大学,作者117,通讯作者117,省部级基金,"外科学,临床研究,医学",医学研究数据库,2025-06-12 22:43:39
外科学领域队列研究研究第118项,外科学,队列研究,New England Journal of Medicine,2021,1,19.26,2453,复旦大学,作者118,通讯作者118,国家自然科学基金,"外科学,临床研究,医学",医学研究数据库,2025-06-12 22:43:39
精神病学领域Meta分析研究第119项,精神病学,Meta分析,中华医学杂志,2022,10,23.15,5612,北京大学,作者119,通讯作者119,无,"精神病学,临床研究,医学",医学研究数据库,2025-06-12 22:43:39
消化病学领域队列研究研究第120项,消化病学,队列研究,中国医学科学院学报,2023,10,18.2,4068,复旦大学,作者120,通讯作者120,省部级基金,"消化病学,临床研究,医学",医学研究数据库,2025-06-12 22:43:39
呼吸病学领域病例报告研究第121项,呼吸病学,病例报告,The Lancet,2023,6,5.77,5981,复旦大学,作者121,通讯作者121,无,"呼吸病学,临床研究,医学",医学研究数据库,2025-06-12 22:43:39
外科学领域队列研究研究第122项,外科学,队列研究,BMJ,2023,9,6.19,6411,北京大学,作者122,通讯作者122,省部级基金,"外科学,临床研究,医学",医学研究数据库,2025-06-12 22:43:39
内分泌学领域临床试验研究第123项,内分泌学,临床试验,Nature Medicine,2020,12,17.14,4321,清华大学,作者123,通讯作者123,无,"内分泌学,临床研究,医学",医学研究数据库,2025-06-12 22:43:39
内分泌学领域临床试验研究第124项,内分泌学,临床试验,The Lancet,2022,4,21.96,6773,清华大学,作者124,通讯作者124,国家重点研发计划,"内分泌学,临床研究,医学",医学研究数据库,2025-06-12 22:43:39
皮肤病学领域流行病学调查研究第125项,皮肤病学,流行病学调查,The Lancet,2021,4,11.55,5080,北京大学,作者125,通讯作者125,国家重点研发计划,"皮肤病学,临床研究,医学",医学研究数据库,2025-06-12 22:43:39
妇产科学领域Meta分析研究第126项,妇产科学,Meta分析,Science,2024,1,23.78,9401,清华大学,作者126,通讯作者126,省部级基金,"妇产科学,临床研究,医学",医学研究数据库,2025-06-12 22:43:39
耳鼻喉科学领域临床试验研究第127项,耳鼻喉科学,临床试验,复旦学报(医学版),2020,4,17.04,5902,华中科技大学,作者127,通讯作者127,无,"耳鼻喉科学,临床研究,医学",医学研究数据库,2025-06-12 22:43:39
皮肤病学领域队列研究研究第128项,皮肤病学,队列研究,The Lancet,2020,12,8.73,2665,中山大学,作者128,通讯作者128,无,"皮肤病学,临床研究,医学",医学研究数据库,2025-06-12 22:43:39
内分泌学领域基础研究研究第129项,内分泌学,基础研究,北京大学学报(医学版),2024,7,23.17,1814,北京大学,作者129,通讯作者129,无,"内分泌学,临床研究,医学",医学研究数据库,2025-06-12 22:43:39
消化病学领域病例报告研究第130项,消化病学,病例报告,复旦学报(医学版),2022,1,12.12,9047,复旦大学,作者130,通讯作者130,省部级基金,"消化病学,临床研究,医学",医学研究数据库,2025-06-12 22:43:39
肾脏病学领域病例对照研究研究第131项,肾脏病学,病例对照研究,中国医学科学院学报,2020,1,8.63,8988,北京大学,作者131,通讯作者131,国家自然科学基金,"肾脏病学,临床研究,医学",医学研究数据库,2025-06-12 22:43:39
皮肤病学领域流行病学调查研究第132项,皮肤病学,流行病学调查,JAMA,2024,1,12.2,4125,北京大学,作者132,通讯作者132,国家自然科学基金,"皮肤病学,临床研究,医学",医学研究数据库,2025-06-12 22:43:39
肾脏病学领域病例报告研究第133项,肾脏病学,病例报告,New England Journal of Medicine,2023,10,14.47,842,清华大学,作者133,通讯作者133,无,"肾脏病学,临床研究,医学",医学研究数据库,2025-06-12 22:43:39
口腔医学领域队列研究研究第134项,口腔医学,队列研究,The Lancet,2021,5,12.7,5491,清华大学,作者134,通讯作者134,国家重点研发计划,"口腔医学,临床研究,医学",医学研究数据库,2025-06-12 22:43:39
神经病学领域临床试验研究第135项,神经病学,临床试验,Nature Medicine,2022,7,21.35,3619,中山大学,作者135,通讯作者135,国家自然科学基金,"神经病学,临床研究,医学",医学研究数据库,2025-06-12 22:43:39
神经病学领域病例报告研究第136项,神经病学,病例报告,中华医学杂志,2024,5,3.51,1382,复旦大学,作者136,通讯作者136,国家自然科学基金,"神经病学,临床研究,医学",医学研究数据库,2025-06-12 22:43:39
神经病学领域系统综述研究第137项,神经病学,系统综述,Nature Medicine,2021,3,23.24,4644,清华大学,作者137,通讯作者137,国家重点研发计划,"神经病学,临床研究,医学",医学研究数据库,2025-06-12 22:43:39
肿瘤学领域基础研究研究第138项,肿瘤学,基础研究,New England Journal of Medicine,2023,1,21.13,1022,清华大学,作者138,通讯作者138,国家自然科学基金,"肿瘤学,临床研究,医学",医学研究数据库,2025-06-12 22:43:39
肿瘤学领域基础研究研究第139项,肿瘤学,基础研究,Science,2023,7,20.99,4592,中山大学,作者139,通讯作者139,国家自然科学基金,"肿瘤学,临床研究,医学",医学研究数据库,2025-06-12 22:43:39
肾脏病学领域病例对照研究研究第140项,肾脏病学,病例对照研究,New England Journal of Medicine,2024,12,5.49,5285,北京大学,作者140,通讯作者140,国家重点研发计划,"肾脏病学,临床研究,医学",医学研究数据库,2025-06-12 22:43:39
口腔医学领域临床试验研究第141项,口腔医学,临床试验,中华医学杂志,2023,3,4.46,3320,华中科技大学,作者141,通讯作者141,无,"口腔医学,临床研究,医学",医学研究数据库,2025-06-12 22:43:39
妇产科学领域Meta分析研究第142项,妇产科学,Meta分析,中国医学科学院学报,2021,4,19.26,3488,复旦大学,作者142,通讯作者142,国家重点研发计划,"妇产科学,临床研究,医学",医学研究数据库,2025-06-12 22:43:39
影像医学领域Meta分析研究第143项,影像医学,Meta分析,Science,2023,11,4.24,5165,复旦大学,作者143,通讯作者143,省部级基金,"影像医学,临床研究,医学",医学研究数据库,2025-06-12 22:43:39
精神病学领域基础研究研究第144项,精神病学,基础研究,Science,2022,9,4.18,138,复旦大学,作者144,通讯作者144,省部级基金,"精神病学,临床研究,医学",医学研究数据库,2025-06-12 22:43:39
儿科学领域病例报告研究第145项,儿科学,病例报告,JAMA,2024,2,8.45,9552,复旦大学,作者145,通讯作者145,无,"儿科学,临床研究,医学",医学研究数据库,2025-06-12 22:43:39
口腔医学领域基础研究研究第146项,口腔医学,基础研究,北京大学学报(医学版),2024,11,10.74,912,华中科技大学,作者146,通讯作者146,省部级基金,"口腔医学,临床研究,医学",医学研究数据库,2025-06-12 22:43:39
风湿免疫学领域系统综述研究第147项,风湿免疫学,系统综述,Science,2024,8,14.47,9005,复旦大学,作者147,通讯作者147,省部级基金,"风湿免疫学,临床研究,医学",医学研究数据库,2025-06-12 22:43:39
眼科学领域流行病学调查研究第148项,眼科学,流行病学调查,Cell,2021,1,14.93,7798,中山大学,作者148,通讯作者148,国家重点研发计划,"眼科学,临床研究,医学",医学研究数据库,2025-06-12 22:43:39
呼吸病学领域临床试验研究第149项,呼吸病学,临床试验,Cell,2022,6,4.81,3490,清华大学,作者149,通讯作者149,国家自然科学基金,"呼吸病学,临床研究,医学",医学研究数据库,2025-06-12 22:43:39
消化病学领域流行病学调查研究第150项,消化病学,流行病学调查,BMJ,2020,2,23.19,4166,华中科技大学,作者150,通讯作者150,国家自然科学基金,"消化病学,临床研究,医学",医学研究数据库,2025-06-12 22:43:39
血液病学领域病例报告研究第151项,血液病学,病例报告,Science,2020,3,15.89,5259,清华大学,作者151,通讯作者151,无,"血液病学,临床研究,医学",医学研究数据库,2025-06-12 22:43:39
耳鼻喉科学领域临床试验研究第152项,耳鼻喉科学,临床试验,New England Journal of Medicine,2022,12,12.1,7319,中山大学,作者152,通讯作者152,无,"耳鼻喉科学,临床研究,医学",医学研究数据库,2025-06-12 22:43:39
口腔医学领域Meta分析研究第153项,口腔医学,Meta分析,中国医学科学院学报,2020,10,20.22,2283,华中科技大学,作者153,通讯作者153,国家自然科学基金,"口腔医学,临床研究,医学",医学研究数据库,2025-06-12 22:43:39
精神病学领域病例对照研究研究第154项,精神病学,病例对照研究,Cell,2021,3,9.43,5046,华中科技大学,作者154,通讯作者154,国家重点研发计划,"精神病学,临床研究,医学",医学研究数据库,2025-06-12 22:43:39
风湿免疫学领域基础研究研究第155项,风湿免疫学,基础研究,JAMA,2024,9,11.07,6242,华中科技大学,作者155,通讯作者155,国家自然科学基金,"风湿免疫学,临床研究,医学",医学研究数据库,2025-06-12 22:43:39
口腔医学领域流行病学调查研究第156项,口腔医学,流行病学调查,中华医学杂志,2021,1,23.05,5545,华中科技大学,作者156,通讯作者156,国家自然科学基金,"口腔医学,临床研究,医学",医学研究数据库,2025-06-12 22:43:39
皮肤病学领域病例对照研究研究第157项,皮肤病学,病例对照研究,中国医学科学院学报,2022,3,8.36,2678,北京大学,作者157,通讯作者157,无,"皮肤病学,临床研究,医学",医学研究数据库,2025-06-12 22:43:39
肾脏病学领域Meta分析研究第158项,肾脏病学,Meta分析,JAMA,2020,5,4.51,5258,清华大学,作者158,通讯作者158,国家自然科学基金,"肾脏病学,临床研究,医学",医学研究数据库,2025-06-12 22:43:39
妇产科学领域流行病学调查研究第159项,妇产科学,流行病学调查,Nature Medicine,2022,3,19.75,2140,华中科技大学,作者159,通讯作者159,无,"妇产科学,临床研究,医学",医学研究数据库,2025-06-12 22:43:39
耳鼻喉科学领域基础研究研究第160项,耳鼻喉科学,基础研究,北京大学学报(医学版),2020,10,17.85,1743,中山大学,作者160,通讯作者160,国家重点研发计划,"耳鼻喉科学,临床研究,医学",医学研究数据库,2025-06-12 22:43:39
风湿免疫学领域病例报告研究第161项,风湿免疫学,病例报告,复旦学报(医学版),2021,6,5.3,9245,华中科技大学,作者161,通讯作者161,国家自然科学基金,"风湿免疫学,临床研究,医学",医学研究数据库,2025-06-12 22:43:39
麻醉学领域流行病学调查研究第162项,麻醉学,流行病学调查,北京大学学报(医学版),2021,4,8.44,7447,北京大学,作者162,通讯作者162,国家自然科学基金,"麻醉学,临床研究,医学",医学研究数据库,2025-06-12 22:43:39
血液病学领域Meta分析研究第163项,血液病学,Meta分析,New England Journal of Medicine,2020,6,19.12,1666,华中科技大学,作者163,通讯作者163,无,"血液病学,临床研究,医学",医学研究数据库,2025-06-12 22:43:39
麻醉学领域系统综述研究第164项,麻醉学,系统综述,中华医学杂志,2020,3,12.46,9033,复旦大学,作者164,通讯作者164,国家自然科学基金,"麻醉学,临床研究,医学",医学研究数据库,2025-06-12 22:43:39
血液病学领域临床试验研究第165项,血液病学,临床试验,中华医学杂志,2022,9,7.21,3764,中山大学,作者165,通讯作者165,国家自然科学基金,"血液病学,临床研究,医学",医学研究数据库,2025-06-12 22:43:39
耳鼻喉科学领域队列研究研究第166项,耳鼻喉科学,队列研究,BMJ,2020,9,13.35,220,复旦大学,作者166,通讯作者166,省部级基金,"耳鼻喉科学,临床研究,医学",医学研究数据库,2025-06-12 22:43:39
皮肤病学领域临床试验研究第167项,皮肤病学,临床试验,Cell,2024,7,17.49,8386,复旦大学,作者167,通讯作者167,国家自然科学基金,"皮肤病学,临床研究,医学",医学研究数据库,2025-06-12 22:43:39
儿科学领域病例报告研究第168项,儿科学,病例报告,中华医学杂志,2020,6,18.63,8971,北京大学,作者168,通讯作者168,无,"儿科学,临床研究,医学",医学研究数据库,2025-06-12 22:43:39
麻醉学领域病例对照研究研究第169项,麻醉学,病例对照研究,Cell,2022,9,6.89,5238,华中科技大学,作者169,通讯作者169,省部级基金,"麻醉学,临床研究,医学",医学研究数据库,2025-06-12 22:43:39
影像医学领域系统综述研究第170项,影像医学,系统综述,JAMA,2020,12,8.3,6777,复旦大学,作者170,通讯作者170,省部级基金,"影像医学,临床研究,医学",医学研究数据库,2025-06-12 22:43:39
呼吸病学领域临床试验研究第171项,呼吸病学,临床试验,复旦学报(医学版),2024,12,10.26,3671,清华大学,作者171,通讯作者171,省部级基金,"呼吸病学,临床研究,医学",医学研究数据库,2025-06-12 22:43:39
神经病学领域系统综述研究第172项,神经病学,系统综述,复旦学报(医学版),2023,11,16.79,9702,清华大学,作者172,通讯作者172,国家重点研发计划,"神经病学,临床研究,医学",医学研究数据库,2025-06-12 22:43:39
血液病学领域病例报告研究第173项,血液病学,病例报告,Science,2022,9,15.39,3572,中山大学,作者173,通讯作者173,省部级基金,"血液病学,临床研究,医学",医学研究数据库,2025-06-12 22:43:39
耳鼻喉科学领域队列研究研究第174项,耳鼻喉科学,队列研究,New England Journal of Medicine,2022,3,17.08,8832,华中科技大学,作者174,通讯作者174,无,"耳鼻喉科学,临床研究,医学",医学研究数据库,2025-06-12 22:43:39
呼吸病学领域病例报告研究第175项,呼吸病学,病例报告,中华医学杂志,2020,9,6.47,1575,北京大学,作者175,通讯作者175,省部级基金,"呼吸病学,临床研究,医学",医学研究数据库,2025-06-12 22:43:39
内分泌学领域流行病学调查研究第176项,内分泌学,流行病学调查,JAMA,2021,1,24.3,4711,中山大学,作者176,通讯作者176,国家自然科学基金,"内分泌学,临床研究,医学",医学研究数据库,2025-06-12 22:43:39
神经病学领域队列研究研究第177项,神经病学,队列研究,北京大学学报(医学版),2022,1,5.2,2827,中山大学,作者177,通讯作者177,无,"神经病学,临床研究,医学",医学研究数据库,2025-06-12 22:43:39
消化病学领域基础研究研究第178项,消化病学,基础研究,中国医学科学院学报,2023,10,8.81,9468,清华大学,作者178,通讯作者178,无,"消化病学,临床研究,医学",医学研究数据库,2025-06-12 22:43:39
耳鼻喉科学领域流行病学调查研究第179项,耳鼻喉科学,流行病学调查,北京大学学报(医学版),2024,6,14.21,4589,清华大学,作者179,通讯作者179,无,"耳鼻喉科学,临床研究,医学",医学研究数据库,2025-06-12 22:43:39
外科学领域病例对照研究研究第180项,外科学,病例对照研究,中国医学科学院学报,2024,10,23.76,8151,华中科技大学,作者180,通讯作者180,国家自然科学基金,"外科学,临床研究,医学",医学研究数据库,2025-06-12 22:43:39
神经病学领域系统综述研究第181项,神经病学,系统综述,中国医学科学院学报,2020,3,12.41,9288,中山大学,作者181,通讯作者181,国家重点研发计划,"神经病学,临床研究,医学",医学研究数据库,2025-06-12 22:43:39
外科学领域基础研究研究第182项,外科学,基础研究,北京大学学报(医学版),2021,2,20.12,4574,中山大学,作者182,通讯作者182,国家重点研发计划,"外科学,临床研究,医学",医学研究数据库,2025-06-12 22:43:39
耳鼻喉科学领域临床试验研究第183项,耳鼻喉科学,临床试验,北京大学学报(医学版),2023,10,4.1,985,华中科技大学,作者183,通讯作者183,省部级基金,"耳鼻喉科学,临床研究,医学",医学研究数据库,2025-06-12 22:43:39
儿科学领域病例对照研究研究第184项,儿科学,病例对照研究,Cell,2021,4,9.82,1883,中山大学,作者184,通讯作者184,国家重点研发计划,"儿科学,临床研究,医学",医学研究数据库,2025-06-12 22:43:39
心血管病学领域Meta分析研究第185项,心血管病学,Meta分析,中国医学科学院学报,2023,5,18.63,9355,复旦大学,作者185,通讯作者185,国家自然科学基金,"心血管病学,临床研究,医学",医学研究数据库,2025-06-12 22:43:39
儿科学领域病例对照研究研究第186项,儿科学,病例对照研究,The Lancet,2022,8,11.14,2726,北京大学,作者186,通讯作者186,省部级基金,"儿科学,临床研究,医学",医学研究数据库,2025-06-12 22:43:39
神经病学领域病例报告研究第187项,神经病学,病例报告,中国医学科学院学报,2021,4,9.73,7281,中山大学,作者187,通讯作者187,省部级基金,"神经病学,临床研究,医学",医学研究数据库,2025-06-12 22:43:39
神经病学领域病例对照研究研究第188项,神经病学,病例对照研究,Nature Medicine,2020,9,14.51,2923,北京大学,作者188,通讯作者188,无,"神经病学,临床研究,医学",医学研究数据库,2025-06-12 22:43:39
肿瘤学领域Meta分析研究第189项,肿瘤学,Meta分析,New England Journal of Medicine,2023,4,1.63,8368,中山大学,作者189,通讯作者189,国家自然科学基金,"肿瘤学,临床研究,医学",医学研究数据库,2025-06-12 22:43:39
感染病学领域系统综述研究第190项,感染病学,系统综述,中华医学杂志,2020,12,23.61,743,清华大学,作者190,通讯作者190,省部级基金,"感染病学,临床研究,医学",医学研究数据库,2025-06-12 22:43:39
影像医学领域基础研究研究第191项,影像医学,基础研究,New England Journal of Medicine,2020,7,6.88,2356,清华大学,作者191,通讯作者191,国家重点研发计划,"影像医学,临床研究,医学",医学研究数据库,2025-06-12 22:43:39
皮肤病学领域系统综述研究第192项,皮肤病学,系统综述,复旦学报(医学版),2020,5,4.5,7864,华中科技大学,作者192,通讯作者192,无,"皮肤病学,临床研究,医学",医学研究数据库,2025-06-12 22:43:39
妇产科学领域病例报告研究第193项,妇产科学,病例报告,Cell,2022,5,15.26,9008,华中科技大学,作者193,通讯作者193,国家重点研发计划,"妇产科学,临床研究,医学",医学研究数据库,2025-06-12 22:43:39
口腔医学领域Meta分析研究第194项,口腔医学,Meta分析,BMJ,2020,3,17.53,3779,复旦大学,作者194,通讯作者194,国家自然科学基金,"口腔医学,临床研究,医学",医学研究数据库,2025-06-12 22:43:39
消化病学领域流行病学调查研究第195项,消化病学,流行病学调查,JAMA,2024,3,22.1,7918,中山大学,作者195,通讯作者195,无,"消化病学,临床研究,医学",医学研究数据库,2025-06-12 22:43:39
肿瘤学领域病例报告研究第196项,肿瘤学,病例报告,New England Journal of Medicine,2021,11,1.71,1515,中山大学,作者196,通讯作者196,无,"肿瘤学,临床研究,医学",医学研究数据库,2025-06-12 22:43:39
消化病学领域Meta分析研究第197项,消化病学,Meta分析,中华医学杂志,2020,12,6.75,5902,北京大学,作者197,通讯作者197,国家自然科学基金,"消化病学,临床研究,医学",医学研究数据库,2025-06-12 22:43:39
口腔医学领域病例报告研究第198项,口腔医学,病例报告,北京大学学报(医学版),2022,11,5.02,2079,复旦大学,作者198,通讯作者198,省部级基金,"口腔医学,临床研究,医学",医学研究数据库,2025-06-12 22:43:39
影像医学领域病例对照研究研究第199项,影像医学,病例对照研究,Cell,2024,3,11.64,5562,复旦大学,作者199,通讯作者199,省部级基金,"影像医学,临床研究,医学",医学研究数据库,2025-06-12 22:43:39
心血管病学领域流行病学调查研究第200项,心血管病学,流行病学调查,中华医学杂志,2024,4,13.25,887,北京大学,作者200,通讯作者200,无,"心血管病学,临床研究,医学",医学研究数据库,2025-06-12 22:43:39
